{
  "labels": [
    "angry",
    "disgust",
    "fear",
    "happy",
    "neutral",
    "sad",
    "surprise"
  ],
  "confusion_matrix": [
    [
      305,
      22,
      14,
      51,
      20,
      3,
      2
    ],
    [
      30,
      196,
      16,
      40,
      37,
      62,
      4
    ],
    [
      43,
      42,
      148,
      46,
      40,
      64,
      1
    ],
    [
      61,
      24,
      29,
      239,
      42,
      13,
      9
    ],
    [
      1,
      39,
      23,
      38,
      264,
      41,
      5
    ],
    [
      4,
      51,
      24,
      12,
      54,
      269,
      3
    ],
    [
      5,
      5,
      7,
      16,
      2,
      0,
      87
    ]
  ],
  "classification_report": {
    "angry": {
      "precision": 0.6792873051224945,
      "recall": 0.7314148681055156,
      "f1-score": 0.7043879907621247,
      "support": 417.0
    },
    "disgust": {
      "precision": 0.5171503957783641,
      "recall": 0.509090909090909,
      "f1-score": 0.5130890052356021,
      "support": 385.0
    },
    "fear": {
      "precision": 0.5670498084291188,
      "recall": 0.3854166666666667,
      "f1-score": 0.45891472868217054,
      "support": 384.0
    },
    "happy": {
      "precision": 0.5407239819004525,
      "recall": 0.5731414868105515,
      "f1-score": 0.5564610011641443,
      "support": 417.0
    },
    "neutral": {
      "precision": 0.5751633986928104,
      "recall": 0.6423357664233577,
      "f1-score": 0.6068965517241379,
      "support": 411.0
    },
    "sad": {
      "precision": 0.5951327433628318,
      "recall": 0.645083932853717,
      "f1-score": 0.619102416570771,
      "support": 417.0
    },
    "surprise": {
      "precision": 0.7837837837837838,
      "recall": 0.7131147540983607,
      "f1-score": 0.7467811158798283,
      "support": 122.0
    },
    "accuracy": 0.590677634155895,
    "macro avg": {
      "precision": 0.6083273452956937,
      "recall": 0.5999426262927255,
      "f1-score": 0.6008046871455398,
      "support": 2553.0
    },
    "weighted avg": {
      "precision": 0.5898076255255339,
      "recall": 0.590677634155895,
      "f1-score": 0.5868562628550277,
      "support": 2553.0
    }
  }
}